{
 "name": "friisbi-homepage",
 "doctype": "Web Page",
 "title": "Friisbi Reader - Home",
 "route": "friisbi",
 "published": 1,
 "main_section": "<div style=\"max-width: 1200px; margin: 0 auto; padding: 60px 20px; text-align: center;\">\n    <div style=\"margin-bottom: 60px;\">\n        <h1 style=\"font-size: 3.5em; font-weight: 700; margin-bottom: 20px; color: #2c3e50;\">📰 Friisbi Reader</h1>\n        <p style=\"font-size: 1.5em; color: #7f8c8d; margin-bottom: 40px;\">Your Personal RSS Feed Reader - Flipboard Style</p>\n        <div style=\"margin-top: 30px;\">\n            <a href=\"/login\" class=\"btn btn-primary btn-lg\" style=\"margin: 10px; padding: 15px 40px; font-size: 1.2em;\">🚀 Get Started</a>\n            <a href=\"/friisbi-home\" class=\"btn btn-outline-primary btn-lg\" style=\"margin: 10px; padding: 15px 40px; font-size: 1.2em;\">📚 Browse Feeds</a>\n        </div>\n    </div>\n    <div style=\"display: grid; grid-template-columns: repeat(auto-fit, minmax(300px, 1fr)); gap: 30px; margin-top: 80px;\">\n        <div style=\"padding: 30px; border-radius: 10px; background: #f8f9fa;\">\n            <div style=\"font-size: 3em; margin-bottom: 15px;\">📡</div>\n            <h3 style=\"margin-bottom: 15px;\">RSS Feeds</h3>\n            <p style=\"color: #6c757d;\">Subscribe to your favorite RSS feeds and stay updated.</p>\n        </div>\n        <div style=\"padding: 30px; border-radius: 10px; background: #f8f9fa;\">\n            <div style=\"font-size: 3em; margin-bottom: 15px;\">📚</div>\n            <h3 style=\"margin-bottom: 15px;\">Magazines</h3>\n            <p style=\"color: #6c757d;\">Create custom magazine collections.</p>\n        </div>\n        <div style=\"padding: 30px; border-radius: 10px; background: #f8f9fa;\">\n            <div style=\"font-size: 3em; margin-bottom: 15px;\">💾</div>\n            <h3 style=\"margin-bottom: 15px;\">Save Posts</h3>\n            <p style=\"color: #6c757d;\">Bookmark articles to read later.</p>\n        </div>\n        <div style=\"padding: 30px; border-radius: 10px; background: #f8f9fa;\">\n            <div style=\"font-size: 3em; margin-bottom: 15px;\">🔔</div>\n            <h3 style=\"margin-bottom: 15px;\">Subscriptions</h3>\n            <p style=\"color: #6c757d;\">Get personalized content.</p>\n        </div>\n        <div style=\"padding: 30px; border-radius: 10px; background: #f8f9fa;\">\n            <div style=\"font-size: 3em; margin-bottom: 15px;\">🔗</div>\n            <h3 style=\"margin-bottom: 15px;\">Share</h3>\n            <p style=\"color: #6c757d;\">Share posts and magazines.</p>\n        </div>\n        <div style=\"padding: 30px; border-radius: 10px; background: #f8f9fa;\">\n            <div style=\"font-size: 3em; margin-bottom: 15px;\">👥</div>\n            <h3 style=\"margin-bottom: 15px;\">Multi-User</h3>\n            <p style=\"color: #6c757d;\">Personalized for every user.</p>\n        </div>\n    </div>\n    <div style=\"margin-top: 80px; padding: 60px 20px; background: linear-gradient(135deg, #667eea 0%, #764ba2 100%); border-radius: 15px; color: white;\">\n        <h2 style=\"font-size: 2.5em; margin-bottom: 20px;\">Ready to get started?</h2>\n        <p style=\"font-size: 1.2em; margin-bottom: 30px;\">Join Friisbi Reader today.</p>\n        <a href=\"/login\" class=\"btn btn-light btn-lg\" style=\"padding: 15px 50px; font-size: 1.2em;\">Sign Up Now</a>\n    </div>\n</div>"
}
